Time (s),Actual Temperature (C),Target Temperature (C)
0.320082199992612,144.5,250.0
0.6223071999847889,144.5,250.0
0.9446702999994159,144.20000000000002,250.0
1.2644806999596767,144.20000000000002,250.0
1.5653730999911204,143.9,250.0
1.8844455999787897,143.9,250.0
2.191418199974578,143.9,250.0
2.5089061000035144,143.6,250.0
2.8128911999519914,143.6,250.0
3.1318250999902375,143.6,250.0
3.439204599999357,143.3,250.0
3.756881099950988,143.3,250.0
4.061052799981553,143.3,250.0
4.39867470000172,143.0,250.0
4.701530199963599,143.0,250.0
5.005264599982183,143.9,250.0
5.326126299973112,143.9,250.0
5.627238199987914,143.9,250.0
5.964165299956221,146.8,250.0
6.266006899997592,146.8,250.0
6.571539199969266,146.8,250.0
6.892991099972278,149.8,250.0
7.196921599970665,149.8,250.0
7.514268699975219,149.8,250.0
7.836429899965879,152.20000000000002,250.0
8.138203599955887,152.20000000000002,250.0
8.440335499995854,152.20000000000002,250.0
8.761245300003793,154.0,250.0
9.063466099963989,154.0,250.0
9.401679799950216,155.8,250.0
9.72171289997641,155.8,250.0
10.0227440999588,155.8,250.0
10.330960599996615,157.4,250.0
10.66386649996275,157.4,250.0
10.966448899998795,157.4,250.0
11.272701699985191,158.8,250.0
11.575744599977043,158.8,250.0
11.912490599963348,158.8,250.0
12.217387499986216,160.20000000000002,250.0
12.519572799967136,160.20000000000002,250.0
12.840220799960662,160.20000000000002,250.0
13.160161799984053,161.60000000000002,250.0
13.461456899996847,161.60000000000002,250.0
13.78206409997074,162.70000000000002,250.0
14.087817399995402,162.70000000000002,250.0
14.38921539997682,162.70000000000002,250.0
14.710693799948785,164.0,250.0
15.014936699997634,164.0,250.0
15.349518499977421,164.0,250.0
15.650767199986149,165.20000000000002,250.0
15.971775499987416,165.20000000000002,250.0
16.277639999985695,165.20000000000002,250.0
16.59486559999641,166.4,250.0
16.899108899990097,166.4,250.0
17.220046099973843,166.4,250.0
17.525335899961647,167.5,250.0
17.82657009997638,167.5,250.0
18.147620699950494,167.5,250.0
18.468129199987743,168.60000000000002,250.0
18.787872199958656,168.60000000000002,250.0
19.08963489998132,169.60000000000002,250.0
19.40886679996038,169.60000000000002,250.0
19.71531919995323,169.60000000000002,250.0
20.034737999958452,170.60000000000002,250.0
20.335977399954572,170.60000000000002,250.0
20.65717580000637,170.60000000000002,250.0
20.96346729999641,171.60000000000002,250.0
21.267505099996924,171.60000000000002,250.0
21.584091199969407,171.60000000000002,250.0
21.89010189997498,172.60000000000002,250.0
22.225100499985274,172.60000000000002,250.0
22.526182400004473,172.60000000000002,250.0
22.847260399954394,173.60000000000002,250.0
23.152692099974956,173.60000000000002,250.0
23.47384829999646,174.60000000000002,250.0
23.775312099955045,174.60000000000002,250.0
24.08118729997659,174.60000000000002,250.0
24.39776520000305,175.4,250.0
24.703575199993793,175.4,250.0
25.038539699977264,175.4,250.0
25.344557899981737,176.3,250.0
25.6607062999974,176.3,250.0
25.966519899957348,176.3,250.0
26.267694899986964,177.20000000000002,250.0
26.588713699951768,177.20000000000002,250.0
26.894065999949817,177.20000000000002,250.0
27.21530320000602,178.0,250.0
27.516663999995217,178.0,250.0
27.83786179998424,178.0,250.0
28.157755199994426,178.9,250.0
28.474471499968786,178.9,250.0
28.778389199986123,179.70000000000002,250.0
29.085028899949975,179.70000000000002,250.0
29.401648600003682,179.70000000000002,250.0
29.70742589997826,180.4,250.0
30.02827700000489,180.4,250.0
30.329650999978185,180.4,250.0
30.65077809995273,181.20000000000002,250.0
30.95653929997934,181.20000000000002,250.0
31.291192799981218,181.20000000000002,250.0
31.592155799968168,182.0,250.0
31.898135199968237,182.0,250.0
32.21908929996425,182.0,250.0
32.5204561999999,182.8,250.0
32.84143149998272,182.8,250.0
33.14276009995956,183.5,250.0
33.46368909999728,183.5,250.0
33.7689472999773,183.5,250.0
34.10437179997098,184.3,250.0
34.40924869995797,184.3,250.0
34.70984739996493,184.3,250.0
35.030449599958956,185.0,250.0
35.33632679999573,185.0,250.0
35.65731290000258,185.0,250.0
35.959068699972704,185.70000000000002,250.0
36.278621799952816,185.70000000000002,250.0
36.5844611999928,185.70000000000002,250.0
36.90060559997801,186.4,250.0
37.20645810000133,186.4,250.0
37.52734460000647,186.4,250.0
37.84727319999365,187.10000000000002,250.0
38.14811529999133,187.10000000000002,250.0
38.47133999998914,187.9,250.0
38.77098999998998,187.9,250.0
39.09260400000494,187.9,250.0
39.39698879997013,188.5,250.0
39.71845059999032,188.5,250.0
40.022662099974696,188.5,250.0
40.33916569995927,189.20000000000002,250.0
40.64493979996769,189.20000000000002,250.0
40.964756099972874,189.20000000000002,250.0
41.285856499976944,189.8,250.0
41.586972999968566,189.8,250.0
41.90741319995141,189.8,250.0
42.20870009995997,190.60000000000002,250.0
42.52989249996608,190.60000000000002,250.0
42.83625279995613,191.20000000000002,250.0
43.13824169995496,191.20000000000002,250.0
43.45968269999139,191.20000000000002,250.0
43.78033320000395,191.8,250.0
44.096625399950426,191.8,250.0
44.402519099996425,191.8,250.0
44.71963489998598,192.5,250.0
45.02379000000656,192.5,250.0
45.344673399988096,192.5,250.0
45.64708249998512,192.9,250.0
45.97062099998584,192.9,250.0
46.290243299969006,192.9,250.0
46.589840699976776,193.60000000000002,250.0
46.895270799985155,193.60000000000002,250.0
47.217171899974346,194.10000000000002,250.0
47.51852759998292,194.10000000000002,250.0
47.839180399954785,194.10000000000002,250.0
48.16009949997533,194.70000000000002,250.0
48.463090599980205,194.70000000000002,250.0
48.78153979999479,194.70000000000002,250.0
49.08772189996671,195.3,250.0
49.40449599997373,195.3,250.0
49.71131739998236,195.3,250.0
50.0138358999975,195.8,250.0
50.34984539996367,195.8,250.0
50.6508227000013,195.8,250.0
50.954966699995566,196.4,250.0
51.27647619997151,196.4,250.0
51.59838069998659,196.4,250.0
51.90174229996046,196.8,250.0
52.201846199983265,196.8,250.0
52.524291199981235,197.5,250.0
52.841716499999166,197.5,250.0
53.145389699959196,197.5,250.0
53.46782269998221,197.9,250.0
53.76866169995628,197.9,250.0
54.07580789999338,197.9,250.0
54.40825759997824,198.5,250.0
54.71659709996311,198.5,250.0
55.035782999999356,198.5,250.0
55.33732579997741,198.9,250.0
55.64350010000635,198.9,250.0
55.961591799976304,198.9,250.0
56.2810856999713,199.4,250.0
56.58719579997705,199.4,250.0
56.90658029995393,199.9,250.0
57.20799729996361,199.9,250.0
57.527842599956784,199.9,250.0
57.83266159996856,200.3,250.0
58.15258080000058,200.3,250.0
58.4708580999868,200.3,250.0
58.77644349995535,200.8,250.0
59.09619269997347,200.8,250.0
59.397276300005615,200.8,250.0
59.717076600005385,201.10000000000002,250.0
60.0411036000005,201.10000000000002,250.0
60.34190869994927,201.10000000000002,250.0
60.64754059998086,201.70000000000002,250.0
60.96481799997855,201.70000000000002,250.0
61.26883109996561,201.70000000000002,250.0
61.59015720000025,202.0,250.0
61.894111400004476,202.0,250.0
62.21548159996746,202.5,250.0
62.51543369999854,202.5,250.0
62.835684399993625,202.5,250.0
63.13975400000345,202.8,250.0
63.460951299988665,202.8,250.0
63.764896899985615,202.8,250.0
64.08221459999913,203.20000000000002,250.0
64.38607730000513,203.20000000000002,250.0
64.72557249997044,203.20000000000002,250.0
65.02970109996386,203.70000000000002,250.0
65.34623339999234,203.70000000000002,250.0
65.65028760000132,203.70000000000002,250.0
65.97216639999533,204.0,250.0
66.27675639995141,204.0,250.0
66.5964937999961,204.60000000000002,250.0
66.90040749998298,204.60000000000002,250.0
67.21703559998423,204.60000000000002,250.0
67.52162729995325,204.8,250.0
67.84126199997263,204.8,250.0
68.1452253999887,204.8,250.0
68.46739359997446,205.3,250.0
68.7669413999538,205.3,250.0
69.08701629994903,205.3,250.0
69.39258029998746,205.5,250.0
69.72701869998127,205.5,250.0
70.032426699996,205.5,250.0
70.33551979996264,206.0,250.0
70.65521969995461,206.0,250.0
70.97498159995303,206.3,250.0
71.27902809996158,206.3,250.0
71.58099479996599,206.3,250.0
71.90483879996464,206.5,250.0
72.20623179996619,206.5,250.0
72.52552749996539,206.5,250.0
72.83170429995516,207.0,250.0
73.1514143999666,207.0,250.0
73.45586319995346,207.0,250.0
73.77531040000031,207.20000000000002,250.0
74.0767971999594,207.20000000000002,250.0
74.39604540000437,207.20000000000002,250.0
74.70156249997672,207.8,250.0
75.02268179995008,207.8,250.0
75.34084859996801,207.8,250.0
75.64636549999705,208.10000000000002,250.0
75.96556099998998,208.10000000000002,250.0
76.28652789996704,208.60000000000002,250.0
76.58769349998329,208.60000000000002,250.0
76.90694269997766,208.60000000000002,250.0
77.21303309994983,208.8,250.0
77.5326985999709,208.8,250.0
77.83316979999654,208.8,250.0
78.15245359996334,209.20000000000002,250.0
78.45843030000106,209.20000000000002,250.0
78.77762710000388,209.20000000000002,250.0
79.08375109999906,209.60000000000002,250.0
79.40278829995077,209.60000000000002,250.0
79.7041836999706,209.60000000000002,250.0
80.02343709999695,209.8,250.0
80.32936420000624,209.8,250.0
80.64908800000558,210.3,250.0
80.95351159997517,210.3,250.0
81.2727427999489,210.3,250.0
81.5782840999891,210.5,250.0
81.89434299996356,210.5,250.0
82.21405829995638,210.5,250.0
82.5338802000042,210.9,250.0
82.83832039998379,210.9,250.0
83.15760499995667,210.9,250.0
83.46374119998654,211.10000000000002,250.0
83.78302079997957,211.10000000000002,250.0
84.08443509996869,211.10000000000002,250.0
84.40821409999626,211.5,250.0
84.71016610000515,211.5,250.0
85.02937489998294,211.5,250.0
85.33538179995958,211.8,250.0
85.65508989995578,211.8,250.0
85.95957690000068,212.0,250.0
86.27939509996213,212.0,250.0
86.57931729999837,212.0,250.0
86.8985520999995,212.4,250.0
87.20448739995481,212.4,250.0
87.52340239996556,212.4,250.0
87.82958439999493,212.60000000000002,250.0
88.16252509999322,212.60000000000002,250.0
88.46857259998797,212.60000000000002,250.0
88.78803399996832,213.0,250.0
89.08931189996656,213.0,250.0
89.40913439996075,213.0,250.0
89.7136636999785,213.20000000000002,250.0
90.03341489995364,213.20000000000002,250.0
90.33803270000499,213.60000000000002,250.0
90.65720560000045,213.60000000000002,250.0
90.9631891999743,213.60000000000002,250.0
91.28306190000148,213.8,250.0
91.5875054000062,213.8,250.0
91.90664469997864,213.8,250.0
92.20813939999789,214.20000000000002,250.0
92.52782639994984,214.20000000000002,250.0
92.83223969995743,214.20000000000002,250.0
93.151473899954,214.5,250.0
93.4574381999555,214.5,250.0
93.77666829997906,214.5,250.0
94.07881749997614,214.70000000000002,250.0
94.39803139999276,214.70000000000002,250.0
94.70394809998106,214.70000000000002,250.0
95.02317919995403,215.20000000000002,250.0
95.32910009997431,215.20000000000002,250.0
95.64882719999878,215.4,250.0
95.96705759997712,215.4,250.0
96.2868350999779,215.4,250.0
96.59140439995099,215.9,250.0
96.91106749995379,215.9,250.0
97.21554730000207,215.9,250.0
97.53527870000107,216.10000000000002,250.0
97.83609850000357,216.10000000000002,250.0
98.15541849995498,216.10000000000002,250.0
98.46146459999727,216.5,250.0
98.78064959996846,216.5,250.0
99.08666489995085,216.5,250.0
99.40418299997691,216.70000000000002,250.0
99.7071411999641,216.70000000000002,250.0
100.02695629996015,216.9,250.0
100.33147889998509,216.9,250.0
100.6506715999567,216.9,250.0
100.95672199997352,217.3,250.0
101.27589819999412,217.3,250.0
101.57744629995432,217.3,250.0
101.8967549999943,217.4,250.0
102.2027751999558,217.4,250.0
102.5219567999593,217.4,250.0
102.82810379995499,217.9,250.0
103.14726679999148,217.9,250.0
103.46653909998713,217.9,250.0
103.78313080000225,218.0,250.0
104.08814700000221,218.0,250.0
104.40740849997383,218.0,250.0
104.71349579998059,218.4,250.0
105.03312689997256,218.4,250.0
105.33771309995791,218.5,250.0
105.65741389995674,218.5,250.0
105.95776530000148,218.5,250.0
106.27759539999533,218.8,250.0
106.58202179998625,218.8,250.0
106.90115170000354,218.8,250.0
107.20772679999936,219.0,250.0
107.52682699996512,219.0,250.0
107.83281170000555,219.0,250.0
108.15259079996031,219.20000000000002,250.0
108.45347209996544,219.20000000000002,250.0
108.77259229996707,219.20000000000002,250.0
109.07923400000436,219.60000000000002,250.0
109.39885830000276,219.60000000000002,250.0
109.71706519997679,219.70000000000002,250.0
110.03778809995856,219.70000000000002,250.0
110.34236249997048,219.70000000000002,250.0
110.66214849997777,220.10000000000002,250.0
110.9665370999719,220.10000000000002,250.0
111.28627829998732,220.10000000000002,250.0
111.58619639999233,220.3,250.0
111.91012999997474,220.3,250.0
112.2119234999991,220.3,250.0
112.53114330000244,220.70000000000002,250.0
112.83709599997383,220.70000000000002,250.0
113.15629729995271,220.70000000000002,250.0
113.45790749997832,221.0,250.0
113.77714099996956,221.0,250.0
114.08313319995068,221.0,250.0
114.40292979998048,221.20000000000002,250.0
114.7079773999867,221.20000000000002,250.0
115.02723509998759,221.5,250.0
115.3286170999636,221.5,250.0
115.64781449997099,221.5,250.0
115.95374659996014,221.70000000000002,250.0
116.27303629997186,221.70000000000002,250.0
116.59272479999345,221.70000000000002,250.0
116.89429149997886,222.10000000000002,250.0
117.21699240000453,222.10000000000002,250.0
117.53639239998301,222.10000000000002,250.0
117.83775509998668,222.20000000000002,250.0
118.16155429999344,222.20000000000002,250.0
118.46351119998144,222.20000000000002,250.0
118.78329319995828,222.60000000000002,250.0
119.08772569999564,222.60000000000002,250.0
119.40701689996058,222.8,250.0
119.71285139996326,222.8,250.0
120.02799069997855,222.8,250.0
120.33252969995374,223.10000000000002,250.0
120.65222129999893,223.10000000000002,250.0
120.95663709996734,223.10000000000002,250.0
121.27633219998097,223.4,250.0
121.5808723999653,223.4,250.0
121.8999688999611,223.4,250.0
122.20548299996881,223.60000000000002,250.0
122.52624779997859,223.60000000000002,250.0
122.82760659995256,223.60000000000002,250.0
123.14681099995505,224.0,250.0
123.45285699999658,224.0,250.0
123.77204509999137,224.20000000000002,250.0
124.09165889996802,224.20000000000002,250.0
124.39711969997734,224.20000000000002,250.0
124.71678499999689,224.60000000000002,250.0
125.03652659995714,224.60000000000002,250.0
125.33695769996848,224.60000000000002,250.0
125.66077999997651,224.8,250.0
125.96261930000037,224.8,250.0
126.28182380000362,224.8,250.0
126.58795779995853,225.20000000000002,250.0
126.90708059997996,225.20000000000002,250.0
127.20903769996949,225.20000000000002,250.0
127.52873639995232,225.4,250.0
127.83370479999576,225.4,250.0
128.15278529998614,225.4,250.0
128.45878240000457,225.70000000000002,250.0
128.77846989996033,225.70000000000002,250.0
129.07841359998565,226.0,250.0
129.40200389997335,226.0,250.0
129.70343319996027,226.0,250.0
130.0226607999648,226.10000000000002,250.0
130.32863149995683,226.10000000000002,250.0
130.6477921999758,226.10000000000002,250.0
130.94918830000097,226.60000000000002,250.0
131.28704689996084,226.60000000000002,250.0
131.5920458000037,226.60000000000002,250.0
131.91133069997886,226.70000000000002,250.0
132.2124240999692,226.70000000000002,250.0
132.5363621999859,226.70000000000002,250.0
132.8377601999673,227.10000000000002,250.0
133.1573888999992,227.10000000000002,250.0
133.46189909998793,227.3,250.0
133.78153350000503,227.3,250.0
134.0865048999549,227.3,250.0
134.4063262999989,227.60000000000002,250.0
134.7108709999593,227.60000000000002,250.0
135.02992329996778,227.60000000000002,250.0
135.3314221999608,227.8,250.0
135.65060599998105,227.8,250.0
135.95652969996445,227.8,250.0
136.27570279996144,228.0,250.0
136.57716089999303,228.0,250.0
136.90099459997145,228.0,250.0
137.2019438999705,228.3,250.0
137.52305319998413,228.3,250.0
137.84121220000088,228.3,250.0
138.1471867999644,228.4,250.0
138.4516628999845,228.4,250.0
138.77089529996738,228.70000000000002,250.0
139.09072049998213,228.70000000000002,250.0
139.40988579997793,228.70000000000002,250.0
139.7111524999491,228.8,250.0
140.0349428000045,228.8,250.0
140.3362647999893,228.8,250.0
140.65599399997154,229.0,250.0
140.96040649997303,229.0,250.0
141.27965310000582,229.0,250.0
141.58577029994922,229.20000000000002,250.0
141.9049582000007,229.20000000000002,250.0
142.20638249994954,229.20000000000002,250.0
142.52558849996421,229.3,250.0
142.8315308999736,229.3,250.0
143.15080489998218,229.60000000000002,250.0
143.4567683999776,229.60000000000002,250.0
143.7759773999569,229.60000000000002,250.0
144.07705480000004,229.70000000000002,250.0
144.39779959997395,229.70000000000002,250.0
144.7180816999753,229.70000000000002,250.0
145.02364569995552,230.10000000000002,250.0
145.34380579995923,230.10000000000002,250.0
145.66346779995365,230.10000000000002,250.0
145.96351689996663,230.20000000000002,250.0
146.28735090000555,230.20000000000002,250.0
146.5887342999922,230.20000000000002,250.0
146.90805259998888,230.60000000000002,250.0
147.2146240999573,230.60000000000002,250.0
147.5339176999987,230.8,250.0
147.8353907999699,230.8,250.0
148.15501389995916,230.8,250.0
148.4595100999577,231.0,250.0
148.77912449999712,231.0,250.0
149.08362170000328,231.0,250.0
149.40296939999098,231.3,250.0
149.70486249995884,231.3,250.0
150.028548399976,231.3,250.0
150.33001949999016,231.4,250.0
150.6497403999674,231.4,250.0
150.95415409997804,231.4,250.0
151.27336309995735,231.70000000000002,250.0
151.57931729999837,231.70000000000002,250.0
151.8984423999791,231.70000000000002,250.0
152.21816729998682,231.8,250.0
152.53736620000564,231.8,250.0
152.84312139998656,232.20000000000002,250.0
153.1594374999986,232.20000000000002,250.0
153.46389739995357,232.20000000000002,250.0
153.78311239997856,232.4,250.0
154.08918519999133,232.4,250.0
154.40841859998181,232.4,250.0
154.70985709998058,232.70000000000002,250.0
155.03356079995865,232.70000000000002,250.0
155.3345801999676,232.70000000000002,250.0
155.65583099995274,232.9,250.0
155.96035499998834,232.9,250.0
156.28008189995307,232.9,250.0
156.58010309998645,233.0,250.0
156.90392650000285,233.0,250.0
157.20538949995534,233.3,250.0
157.5250279000029,233.3,250.0
157.82899959996575,233.3,250.0
158.16519019997213,233.4,250.0
158.46989049995318,233.4,250.0
158.78945749998093,233.4,250.0
159.09459019999485,233.70000000000002,250.0
159.41424189996906,233.70000000000002,250.0
159.71459389996016,233.70000000000002,250.0
160.0338224999723,233.8,250.0
160.33976729999995,233.8,250.0
160.6590139999753,233.8,250.0
160.96507279999787,234.10000000000002,250.0
161.28481149999425,234.10000000000002,250.0
161.5847356999875,234.10000000000002,250.0
161.90856989996973,234.20000000000002,250.0
162.2099506999948,234.20000000000002,250.0
162.52973889996065,234.5,250.0
162.83413579995977,234.5,250.0
163.15325099998154,234.5,250.0
163.45988169999328,234.8,250.0
163.77564979996532,234.8,250.0
164.0822045999812,234.8,250.0
164.4019884999725,234.9,250.0
164.70636569999624,234.9,250.0
165.02550819999306,234.9,250.0
165.34532609995222,235.3,250.0
165.64672459999565,235.3,250.0
165.969439199951,235.3,250.0
166.28897080000024,235.4,250.0
166.59015879995422,235.4,250.0
166.90990649996093,235.70000000000002,250.0
167.21437149995472,235.70000000000002,250.0
167.534034399956,235.70000000000002,250.0
167.8390659999568,235.8,250.0
168.1582731999806,235.8,250.0
168.46423459996004,235.8,250.0
168.78359209996415,236.10000000000002,250.0
169.08502050000243,236.10000000000002,250.0
169.40473109995946,236.10000000000002,250.0
169.70920649997424,236.3,250.0
170.02882899995893,236.3,250.0
170.3334358999855,236.3,250.0
170.6528624999919,236.5,250.0
170.97374929999933,236.5,250.0
171.27825609996216,236.5,250.0
171.59803219995229,236.8,250.0
171.89789979998022,236.8,250.0
172.21820569998818,236.9,250.0
172.52210979996016,236.9,250.0
172.8439380999771,236.9,250.0
173.1479260000051,237.3,250.0
173.46918009995716,237.3,250.0
173.76857669994934,237.3,250.0
174.08992739999667,237.4,250.0
174.39444709999952,237.4,250.0
174.71413699997356,237.4,250.0
175.0185988000012,237.8,250.0
175.338261900004,237.8,250.0
175.65752219996648,237.8,250.0
175.96352699998533,238.0,250.0
176.2635450999951,238.0,250.0
176.58342330000596,238.3,250.0
176.90719559998251,238.3,250.0
177.2082210999797,238.3,250.0
177.5137751000002,238.5,250.0
177.8487511999556,238.5,250.0
178.15279069996905,238.5,250.0
178.47055119997822,238.70000000000002,250.0
178.774532899959,238.70000000000002,250.0
179.09582609997597,238.70000000000002,250.0
179.40044060000218,239.10000000000002,250.0
179.72060800000327,239.10000000000002,250.0
180.02455869998084,239.10000000000002,250.0
180.34141969995108,239.20000000000002,250.0
180.64521200000308,239.20000000000002,250.0
180.96658249996835,239.60000000000002,250.0
181.27104809996672,239.60000000000002,250.0
181.59081520000473,239.60000000000002,250.0
181.89484530000482,239.8,250.0
182.21196159999818,239.8,250.0
182.51585159997921,239.8,250.0
182.8372451000032,240.0,250.0
183.1411245999625,240.0,250.0
183.4766361999791,240.0,250.0
183.78075549995992,240.20000000000002,250.0
184.1019029999734,240.20000000000002,250.0
184.40593029995216,240.20000000000002,250.0
184.7229948999593,240.4,250.0
185.0269086000044,240.4,250.0
185.34868850000203,240.4,250.0
185.6486514999997,240.70000000000002,250.0
185.96830219996627,240.70000000000002,250.0
186.27229019999504,240.70000000000002,250.0
186.59311269997852,240.70000000000002,250.0
186.89866479998454,240.70000000000002,250.0
187.2159080999554,241.0,250.0
187.5197813999839,241.0,250.0
187.84092759998748,241.0,250.0
188.14492459996836,241.10000000000002,250.0
188.46662959997775,241.10000000000002,250.0
188.77059869997902,241.10000000000002,250.0
189.0904061999754,241.4,250.0
189.40960169996833,241.4,250.0
189.7109089999576,241.4,250.0
190.03012569999555,241.5,250.0
190.33612749999156,241.5,250.0
190.6553653999581,241.70000000000002,250.0
190.9613115999964,241.70000000000002,250.0
191.2809886999894,241.70000000000002,250.0
191.58098799997242,241.9,250.0
191.9047142000054,241.9,250.0
192.2061132999952,241.9,250.0
192.52534599998035,242.0,250.0
192.83135979995131,242.0,250.0
193.15056739997817,242.0,250.0
193.452062700002,242.3,250.0
193.77123869996285,242.3,250.0
194.07724209997104,242.3,250.0
194.3965715999948,242.4,250.0
194.70248769997852,242.4,250.0
195.02164539997466,242.4,250.0
195.34136359998956,242.70000000000002,250.0
195.6609896000009,242.70000000000002,250.0
195.965515399992,242.8,250.0
196.28480609995313,242.8,250.0
196.58707680000225,242.8,250.0
196.9069417999708,243.10000000000002,250.0
197.21133909997297,243.10000000000002,250.0
197.5305379999918,243.10000000000002,250.0
197.83655389997875,243.3,250.0
198.15561549999984,243.3,250.0
198.4575737999985,243.3,250.0
198.77681469998788,243.5,250.0
199.08274639997398,243.5,250.0
199.40201779996278,243.5,250.0
199.7034092999529,243.8,250.0
200.02710199996363,243.8,250.0
200.3291611999739,243.9,250.0
200.64829579996876,243.9,250.0
200.95427749998635,243.9,250.0
201.27402229997097,244.20000000000002,250.0
201.5784654999734,244.20000000000002,250.0
201.9114469999913,244.20000000000002,250.0
202.217452199955,244.3,250.0
202.53660499997204,244.3,250.0
202.83795809996082,244.3,250.0
203.1571836999501,244.60000000000002,250.0
203.463122199988,244.60000000000002,250.0
203.78290019999258,244.60000000000002,250.0
204.08742759999586,244.70000000000002,250.0
204.4065558000002,244.70000000000002,250.0
204.70796019997215,244.70000000000002,250.0
205.03177369997138,244.9,250.0
205.33314199995948,244.9,250.0
205.65294309996534,245.20000000000002,250.0
205.9573874999769,245.20000000000002,250.0
206.27658499998506,245.20000000000002,250.0
206.57862479996402,245.4,250.0
206.9023462999612,245.4,250.0
207.20369609998306,245.4,250.0
207.5230248000007,245.70000000000002,250.0
207.82981099997414,245.70000000000002,250.0
208.16272569994908,245.70000000000002,250.0
208.46954520000145,245.9,250.0
208.78887399996165,245.9,250.0
209.09064899996156,245.9,250.0
209.4100089999847,246.20000000000002,250.0
209.7159374000039,246.20000000000002,250.0
210.0351795000024,246.4,250.0
210.33718129998306,246.4,250.0
210.65683619998163,246.4,250.0
210.9613462999696,246.70000000000002,250.0
211.28049459995236,246.70000000000002,250.0
211.5864647999988,246.70000000000002,250.0
211.90562769997632,247.0,250.0
212.2069941999507,247.0,250.0
212.53120819997275,247.0,250.0
212.83107590000145,247.20000000000002,250.0
213.1503023999976,247.20000000000002,250.0
213.45621589996153,247.20000000000002,250.0
213.7754280999652,247.4,250.0
214.08144999999786,247.4,250.0
214.40071029996034,247.60000000000002,250.0
214.720211799955,247.60000000000002,250.0
215.03935829998227,247.60000000000002,250.0
215.34135229996173,247.9,250.0
215.66096569999354,247.9,250.0
215.96538119995967,247.9,250.0
216.2845621999586,248.0,250.0
216.59105699998327,248.0,250.0
216.9108658999903,248.0,250.0
217.21534339996288,248.3,250.0
217.5344555999618,248.3,250.0
217.83588219998637,248.3,250.0
218.15525099996012,248.5,250.0
218.4611402999726,248.5,250.0
218.78177790000336,248.5,250.0
219.08324710000306,248.70000000000002,250.0
219.4023889999953,248.70000000000002,250.0
219.70835189998616,248.9,250.0
220.0274854999734,248.9,250.0
220.3334112999728,248.9,250.0
220.6526611999725,249.0,250.0
220.97232000000076,249.0,250.0
221.2915953999618,249.0,250.0
221.59295999997994,249.3,250.0
221.91670919995522,249.3,250.0
222.21799229999306,249.3,250.0
222.52217630000087,249.4,250.0
222.8433628999628,249.4,250.0
223.14736269996502,249.4,250.0
223.46414659998845,249.60000000000002,250.0
223.76857999997446,249.60000000000002,250.0
224.08838599995943,249.70000000000002,250.0
224.40754009998636,249.70000000000002,250.0
224.71352599997772,249.70000000000002,250.0
225.01805369998328,249.9,250.0
225.33837359998142,249.9,250.0
225.63938680000138,249.9,250.0
225.95921419997467,250.0,250.0
226.26368879998336,250.0,250.0
226.58344889996806,250.0,250.0
226.88944639998954,250.20000000000002,250.0
227.20757879997836,250.20000000000002,250.0
227.52722950000316,250.20000000000002,250.0
227.83171749999747,250.4,250.0
228.15096780000022,250.4,250.0
228.47057199996198,250.4,250.0
228.79032049997477,250.5,250.0
229.09482519997982,250.5,250.0
229.39628939999966,250.8,250.0
229.71894109999994,250.8,250.0
230.03869419998955,250.8,250.0
230.34319359995425,250.8,250.0
230.66296009998769,250.8,250.0
230.96342909999657,250.8,250.0
231.28261549997842,251.0,250.0
231.588688799995,251.0,250.0
231.90847289998783,251.0,250.0
232.21302109997487,251.10000000000002,250.0
232.53257349994965,251.10000000000002,250.0
232.83707499998854,251.10000000000002,250.0
233.1563888999517,251.20000000000002,250.0
233.45780269999523,251.20000000000002,250.0
233.77760109998053,251.4,250.0
234.08324740000535,251.4,250.0
234.40367509995122,251.4,250.0
234.70693899999605,251.4,250.0
235.02609609998763,251.4,250.0
235.34576619998552,251.4,250.0
235.65136009996058,251.60000000000002,250.0
235.97103129996685,251.60000000000002,250.0
236.29078049998498,251.60000000000002,250.0
236.5953002999886,251.5,250.0
236.8978039000067,251.5,250.0
237.21599979995517,251.5,250.0
237.53530479996698,251.70000000000002,250.0
237.84122709999792,251.70000000000002,250.0
238.1603887999663,251.70000000000002,250.0
238.4619110999629,251.8,250.0
238.7810527999536,251.8,250.0
239.08713679999346,252.0,250.0
239.40635549998842,252.0,250.0
239.71227319998434,252.0,250.0
240.0315340999514,252.10000000000002,250.0
240.33290350000607,252.10000000000002,250.0
240.6525791999884,252.10000000000002,250.0
240.9570870999596,252.20000000000002,250.0
241.27679449995048,252.20000000000002,250.0
241.58128220000071,252.20000000000002,250.0
241.90052739996463,252.4,250.0
242.2064392999746,252.4,250.0
242.52619030000642,252.4,250.0
242.84390609996626,252.4,250.0
243.16464289999567,252.4,250.0
243.4660480999737,252.60000000000002,250.0
243.7869165999582,252.60000000000002,250.0
244.10646419995464,252.60000000000002,250.0
244.4112110999995,252.60000000000002,250.0
244.72913199994946,252.60000000000002,250.0
245.03399389999686,252.60000000000002,250.0
245.35491080000065,252.8,250.0
245.658934499952,252.8,250.0
245.98021199996583,252.8,250.0
246.2818297999911,252.8,250.0
246.60122650000267,252.8,250.0
246.92075019999174,252.8,250.0
247.22712449997198,253.0,250.0
247.54732069995953,253.0,250.0
247.8631921999622,253.0,250.0
248.16847989999224,253.0,250.0
248.4889344999683,253.0,250.0
248.79412689997116,253.0,250.0
249.10995769995498,253.0,250.0
249.41515409998829,253.0,250.0
249.73565629997756,253.20000000000002,250.0
250.041259599966,253.20000000000002,250.0
250.36019789997954,253.20000000000002,250.0
250.6611284999526,253.10000000000002,250.0
250.98212389997207,253.10000000000002,250.0
251.28596559999278,253.10000000000002,250.0
251.5914291999652,253.3,250.0
251.91114919999382,253.3,250.0
252.22895899997093,253.3,250.0
252.55017359997146,253.3,250.0
252.85539079998853,253.3,250.0
253.1745211999514,253.4,250.0
253.49424909998197,253.4,250.0
253.79468629998155,253.4,250.0
254.11501639999915,253.4,250.0
254.4202061999822,253.4,250.0
254.7254522999865,253.4,250.0
255.04577699996298,253.4,250.0
255.34634160000132,253.4,250.0
255.66625359997852,253.4,250.0
255.97151529998519,253.4,250.0
256.2924651999492,253.4,250.0
256.59507250000024,253.4,250.0
256.9163488000049,253.4,250.0
257.23520169995027,253.4,250.0
257.53975209995406,253.60000000000002,250.0
257.85601200000383,253.60000000000002,250.0
258.16160779999336,253.60000000000002,250.0
258.4672884999891,253.5,250.0
258.8015418999712,253.5,250.0
259.1066984999925,253.5,250.0
259.42283649998717,253.70000000000002,250.0
259.72667720000027,253.70000000000002,250.0
260.04753330000676,253.70000000000002,250.0
260.351210599998,253.60000000000002,250.0
260.6711438999628,253.60000000000002,250.0
260.97655229998054,253.60000000000002,250.0
261.29712169995764,253.70000000000002,250.0
261.59708739997586,253.70000000000002,250.0
261.9180615999503,253.70000000000002,250.0
262.22336429997813,253.70000000000002,250.0
262.54335669998545,253.70000000000002,250.0
262.8483387999586,253.60000000000002,250.0
263.1648209999548,253.60000000000002,250.0
263.4713729999494,253.60000000000002,250.0
263.8053529000026,253.70000000000002,250.0
264.110280999972,253.70000000000002,250.0
264.4306925999699,253.70000000000002,250.0
264.7353454999975,253.60000000000002,250.0
265.05128329998115,253.60000000000002,250.0
265.3561719999998,253.60000000000002,250.0
265.67629469995154,253.70000000000002,250.0
265.9811701999861,253.70000000000002,250.0
266.30068129999563,253.70000000000002,250.0
266.6051610999857,253.5,250.0
266.9258631999837,253.5,250.0
267.22653619997436,253.60000000000002,250.0
267.54687669995474,253.60000000000002,250.0
267.8521292999503,253.60000000000002,250.0
268.1726645999588,253.5,250.0
268.47284109995235,253.5,250.0
268.7774249999784,253.5,250.0
269.0976936999941,253.4,250.0
269.41806749999523,253.4,250.0
269.7231346999761,253.4,250.0
270.0425911999773,253.4,250.0
270.3633991999668,253.4,250.0
270.6631989000016,253.4,250.0
270.98357799998485,253.3,250.0
271.2883385999594,253.3,250.0
271.60903279995546,253.3,250.0
271.9143533000024,253.4,250.0
272.2335346000036,253.4,250.0
272.5379944999586,253.20000000000002,250.0
272.8579834999982,253.20000000000002,250.0
273.1593321999535,253.20000000000002,250.0
273.47776469995733,253.4,250.0
273.7827526999754,253.4,250.0
274.10242879996076,253.4,250.0
274.4070827999967,253.20000000000002,250.0
274.7269859999651,253.20000000000002,250.0
275.04664149996825,253.20000000000002,250.0
275.3518998999498,253.3,250.0
275.67193519999273,253.3,250.0
275.9725066999672,253.3,250.0
276.29218109999783,253.20000000000002,250.0
276.59632939996663,253.20000000000002,250.0
276.9162194999517,253.10000000000002,250.0
277.2221022999729,253.10000000000002,250.0
277.5424861999927,253.10000000000002,250.0
277.84289789997274,253.10000000000002,250.0
278.18131479999283,253.10000000000002,250.0
278.485838899971,253.10000000000002,250.0
278.80630080000265,252.9,250.0
279.10647919995245,252.9,250.0
279.4265482999617,252.9,250.0
279.73216660000617,253.0,250.0
280.03663519996917,253.0,250.0
280.3567672999925,253.0,250.0
280.67258610000135,252.8,250.0
280.97698749997653,252.8,250.0
281.29735509998864,252.9,250.0
281.6019254999701,252.9,250.0
281.92219459998887,252.9,250.0
282.22721019998426,252.70000000000002,250.0
282.5473476999905,252.70000000000002,250.0
282.8477412999491,252.70000000000002,250.0
283.1529948999523,252.8,250.0
283.4726424999535,252.8,250.0
283.7783103999682,252.8,250.0
284.11406399996486,252.70000000000002,250.0
284.4148510999512,252.70000000000002,250.0
284.7350186999538,252.70000000000002,250.0
285.03955449996283,252.60000000000002,250.0
285.35823749995325,252.60000000000002,250.0
285.66524419997586,252.60000000000002,250.0
285.96585759997834,252.70000000000002,250.0
286.28632059996016,252.70000000000002,250.0
286.6068212999962,252.5,250.0
286.92719319998287,252.5,250.0
287.23134439997375,252.5,250.0
287.5522605999722,252.70000000000002,250.0
287.85377029998926,252.70000000000002,250.0
288.17358239996247,252.70000000000002,250.0
288.4794001999544,252.5,250.0
288.7993669999996,252.5,250.0
289.099581699993,252.5,250.0
289.4191415999667,252.70000000000002,250.0
289.7241102999542,252.70000000000002,250.0
290.0438576999586,252.70000000000002,250.0
290.3488367999671,252.60000000000002,250.0
290.66557309997734,252.60000000000002,250.0
290.9705948999617,252.60000000000002,250.0
291.2911566999974,252.60000000000002,250.0
291.5959110999829,252.60000000000002,250.0
291.9165467999992,252.70000000000002,250.0
292.21648079995066,252.70000000000002,250.0
292.5371538999607,252.70000000000002,250.0
292.860712099995,252.60000000000002,250.0
293.17654359998414,252.60000000000002,250.0
293.48127769998973,252.60000000000002,250.0
293.80183259997284,252.70000000000002,250.0
294.1070510999998,252.70000000000002,250.0
294.4274510999676,252.70000000000002,250.0
294.72792199999094,252.60000000000002,250.0
295.0329577999655,252.60000000000002,250.0
295.35341229999904,252.60000000000002,250.0
295.6583257999737,252.70000000000002,250.0
295.978303699987,252.70000000000002,250.0
296.27913320000516,252.60000000000002,250.0
296.5996944999788,252.60000000000002,250.0
296.9049751999555,252.60000000000002,250.0
297.22550519998185,252.60000000000002,250.0
297.5445249999757,252.60000000000002,250.0
297.864369399962,252.60000000000002,250.0
298.1653551000054,252.5,250.0
298.48543559998507,252.5,250.0
298.7901949999505,252.5,250.0
299.1103329999605,252.4,250.0
299.41505329997744,252.4,250.0
299.7349480999983,252.4,250.0
300.0356576999766,252.4,250.0
300.35606339998776,252.4,250.0
300.6613915999769,252.20000000000002,250.0
300.98186010000063,252.20000000000002,250.0
301.287004599988,252.20000000000002,250.0
301.6030399999581,252.3,250.0
301.9081781999557,252.3,250.0
302.22874579997733,252.3,250.0
302.53392709995387,252.10000000000002,250.0
302.849875099957,252.10000000000002,250.0
303.1729906999972,252.10000000000002,250.0
303.49302120000357,252.20000000000002,250.0
303.7943355999887,252.20000000000002,250.0
304.1150084999972,252.20000000000002,250.0
304.420312799979,252.10000000000002,250.0
304.7210541999666,252.10000000000002,250.0
305.0419905000017,252.10000000000002,250.0
305.34531539998716,252.10000000000002,250.0
305.66577769996366,252.10000000000002,250.0
305.9704311999958,252.10000000000002,250.0
306.29108719999203,252.10000000000002,250.0
306.5952218999737,252.10000000000002,250.0
306.9112976999604,251.9,250.0
307.21675689995755,251.9,250.0
307.5357954999781,251.9,250.0
307.8412216999568,252.10000000000002,250.0
308.17537209996954,252.10000000000002,250.0
308.48011309996946,252.10000000000002,250.0
308.8009403999895,251.8,250.0
309.1045729999896,251.8,250.0
309.42507509997813,251.8,250.0
309.7252731999615,251.9,250.0
310.04565519996686,251.9,250.0
310.3504884999711,251.70000000000002,250.0
310.6703841999988,251.70000000000002,250.0
310.9756387999514,251.70000000000002,250.0
311.29588009999134,251.70000000000002,250.0
311.5976303999778,251.70000000000002,250.0
311.91811559995404,251.70000000000002,250.0
312.22296479996294,251.60000000000002,250.0
312.539068699989,251.60000000000002,250.0
312.84371519996785,251.60000000000002,250.0
313.16389859997435,251.5,250.0
313.46883779997006,251.5,250.0
313.78893559996504,251.5,250.0
314.09368339995854,251.60000000000002,250.0
314.4138908999739,251.60000000000002,250.0
314.7326031999546,251.4,250.0
315.0526747999829,251.4,250.0
315.35702539997874,251.4,250.0
315.6762914999854,251.60000000000002,250.0
315.9779470000067,251.60000000000002,250.0
316.2841463999939,251.60000000000002,250.0
316.60426219995134,251.4,250.0
316.90599399997154,251.4,250.0
317.24261560000014,251.4,250.0
317.5476883999654,251.5,250.0
317.86752599995816,251.5,250.0
318.1691845000023,251.5,250.0
318.4895344999968,251.4,250.0
318.7943283999921,251.4,250.0
319.0959297999507,251.4,250.0
319.41619089996675,251.4,250.0
319.7201677999692,251.4,250.0
320.040330799995,251.3,250.0
320.34516539995093,251.3,250.0
320.67887730000075,251.3,250.0
320.9836942999973,251.10000000000002,250.0
321.3055339999846,251.10000000000002,250.0
321.6084256999893,251.10000000000002,250.0
321.911904699984,251.20000000000002,250.0
322.23236559994984,251.20000000000002,250.0
322.5503620999516,251.20000000000002,250.0
322.8524237999809,250.9,250.0
323.1562926999759,250.9,250.0
323.4771875999868,250.9,250.0
323.7977980999858,251.10000000000002,250.0
324.1034747999511,251.10000000000002,250.0
324.42348050000146,250.9,250.0
324.741166599968,250.9,250.0
325.0428372999886,250.9,250.0
325.34747969999444,251.0,250.0
325.66753469995456,251.0,250.0
325.98755570000503,251.0,250.0
326.28986159997294,250.9,250.0
326.613886099949,250.9,250.0
326.91374539997196,250.9,250.0
327.22021559998393,250.8,250.0
327.5562946999562,250.8,250.0
327.8580365999951,250.8,250.0
328.1648595999577,250.8,250.0
328.4658803999773,250.8,250.0
328.8019201999996,250.8,250.0
329.10626009997213,250.60000000000002,250.0
329.4242538999533,250.60000000000002,250.0
329.7291466000024,250.70000000000002,250.0
330.049786699994,250.70000000000002,250.0
330.35499849996995,250.70000000000002,250.0
330.65765759994974,250.4,250.0
330.99389369995333,250.4,250.0
331.2982415999868,250.4,250.0
331.61440429999493,250.5,250.0
331.921623000002,250.5,250.0
332.2230081000016,250.5,250.0
332.5436203999561,250.3,250.0
332.8498105999897,250.3,250.0
333.1652978999773,250.3,250.0
333.46978449996095,250.3,250.0
333.7907661999925,250.3,250.0
334.11064749996876,250.20000000000002,250.0
334.4314806999755,250.20000000000002,250.0
334.7344562999788,250.20000000000002,250.0
335.0402967999689,250.10000000000002,250.0
335.35839919996215,250.10000000000002,250.0
335.6635468999739,250.10000000000002,250.0
335.97993019997375,250.20000000000002,250.0
336.2858793999767,250.20000000000002,250.0
336.6069646999822,250.20000000000002,250.0
336.92481969995424,249.9,250.0
337.2290047999704,249.9,250.0
337.5326625999878,249.9,250.0
337.85370669997064,250.10000000000002,250.0
338.1736531999777,250.10000000000002,250.0
338.49416379997274,249.8,250.0
338.79558380000526,249.8,250.0
339.10160369996447,249.8,250.0
339.41946149995783,249.9,250.0
339.72107139998116,249.9,250.0
340.0423611999722,249.9,250.0
340.34450219996506,249.8,250.0
340.6684926999733,249.8,250.0
340.98417799995514,249.8,250.0
341.29156889999285,249.70000000000002,250.0
341.5932991000009,249.70000000000002,250.0
341.91405299998587,249.70000000000002,250.0
342.2179435999715,249.8,250.0
342.55195829999866,249.8,250.0
342.8580429999856,249.8,250.0
343.17916629998945,249.60000000000002,250.0
343.4822570999968,249.60000000000002,250.0
343.7835520999506,249.8,250.0
344.10199419996934,249.8,250.0
344.40928989998065,249.8,250.0
344.7294166999636,249.60000000000002,250.0
345.04533979995176,249.60000000000002,250.0
345.35088479996193,249.60000000000002,250.0
345.67206189996796,249.70000000000002,250.0
345.9732296000002,249.70000000000002,250.0
346.295086099999,249.70000000000002,250.0
346.5976072999765,249.60000000000002,250.0
346.9035283999983,249.60000000000002,250.0
347.23576219996903,249.60000000000002,250.0
347.54061079997336,249.60000000000002,250.0
347.84599069994874,249.60000000000002,250.0
348.1665099999518,249.70000000000002,250.0
348.4707123999833,249.70000000000002,250.0
348.8054082999588,249.70000000000002,250.0
349.10913120000623,249.60000000000002,250.0
349.410126200004,249.60000000000002,250.0
349.73457559995586,249.60000000000002,250.0
350.05041319999145,249.70000000000002,250.0
350.3558761999593,249.70000000000002,250.0
350.67570939997677,249.70000000000002,250.0
350.977962200006,249.5,250.0
351.2808533999487,249.5,250.0
351.60234679997666,249.5,250.0
351.9208871999872,249.70000000000002,250.0
352.2272837999626,249.70000000000002,250.0
352.5289850999834,249.70000000000002,250.0
352.86469739995664,249.60000000000002,250.0
353.1710374999675,249.60000000000002,250.0
353.49043169996,249.70000000000002,250.0
353.7786554999766,249.70000000000002,250.0
354.09870839997893,249.70000000000002,250.0
354.41795799997635,249.70000000000002,250.0
354.7360219999682,249.70000000000002,250.0
355.04258229996776,249.70000000000002,250.0
355.3583046999993,249.60000000000002,250.0
355.6640829999815,249.60000000000002,250.0
355.9840046999743,249.60000000000002,250.0
356.28966989996843,249.70000000000002,250.0
356.6077227999922,249.70000000000002,250.0
356.91188539995346,249.70000000000002,250.0
357.23231669998495,249.5,250.0
357.53331319999415,249.5,250.0
357.8543802999775,249.70000000000002,250.0
358.16047179995803,249.70000000000002,250.0
358.48001189995557,249.70000000000002,250.0
358.78044159995625,249.5,250.0
359.1016742999782,249.5,250.0
359.4032179999631,249.5,250.0
359.72572559997207,249.70000000000002,250.0
360.0444530999521,249.70000000000002,250.0
360.36473959998693,249.70000000000002,250.0
360.66982889996143,249.5,250.0
360.99019719997887,249.5,250.0
361.29042949998984,249.5,250.0
361.61083119997056,249.60000000000002,250.0
361.91565899999114,249.60000000000002,250.0
362.2357249999768,249.60000000000002,250.0
362.54072129999986,249.60000000000002,250.0
362.86078589997487,249.60000000000002,250.0
363.1613417000044,249.4,250.0
363.48137799999677,249.4,250.0
363.78671669994947,249.4,250.0
364.107037699956,249.60000000000002,250.0
364.40778099995805,249.60000000000002,250.0
364.72810489998665,249.60000000000002,250.0
365.03393619996496,249.4,250.0
365.35300139995525,249.4,250.0
365.65881569997873,249.4,250.0
365.97842959995614,249.70000000000002,250.0
366.2971404999844,249.70000000000002,250.0
366.6171550999861,249.70000000000002,250.0
366.9226781000034,249.5,250.0
367.2380988999503,249.5,250.0
367.54298589995597,249.60000000000002,250.0
367.86346759996377,249.60000000000002,250.0
368.16867049998837,249.60000000000002,250.0
368.48878329998115,249.5,250.0
368.792384499975,249.5,250.0
369.0932244999567,249.5,250.0
369.4139634000021,249.4,250.0
369.7185441000038,249.4,250.0
370.0556405999814,249.4,250.0
370.3563468999928,249.5,250.0
370.676837899955,249.5,250.0
370.9818049999885,249.5,250.0
371.30261630000314,249.3,250.0
371.60610459995223,249.3,250.0
371.92661709996173,249.5,250.0
372.22716549999313,249.5,250.0
372.547279099992,249.5,250.0
372.8535592999542,249.3,250.0
373.1559402999701,249.3,250.0
373.4757808999857,249.3,250.0
373.7808439999935,249.4,250.0
374.10036649997346,249.4,250.0
374.4193208999932,249.4,250.0
374.73969659995055,249.3,250.0
375.0446177999838,249.3,250.0
375.3605780999642,249.3,250.0
375.66529029997764,249.4,250.0
375.9860041999491,249.4,250.0
376.2914996999898,249.4,250.0
376.6116882999777,249.4,250.0
376.91227400000207,249.4,250.0
377.2325799999526,249.3,250.0
377.5384520999505,249.3,250.0
377.85874669998884,249.3,250.0
378.15867259999504,249.4,250.0
378.4788353999611,249.4,250.0
378.7838550999877,249.4,250.0
379.1040224999888,249.20000000000002,250.0
379.4220527999569,249.20000000000002,250.0
379.72805549995974,249.20000000000002,250.0
380.032688999956,249.4,250.0
380.36774409998907,249.4,250.0
380.6727284999797,249.4,250.0
380.99297550000483,249.20000000000002,250.0
381.2927378999884,249.20000000000002,250.0
381.6124322999967,249.4,250.0
381.91710139997303,249.4,250.0
382.23720139998477,249.4,250.0
382.54226899996866,249.3,250.0
382.8618727999856,249.3,250.0
383.16696579998825,249.3,250.0
383.48658569995314,249.3,250.0
383.78700129996287,249.3,250.0
384.10881159995915,249.3,250.0
384.4136919999728,249.4,250.0
384.73032599996077,249.4,250.0
385.0358172999695,249.4,250.0
385.3402705999906,249.20000000000002,250.0
385.6608192999847,249.20000000000002,250.0
385.979700899974,249.20000000000002,250.0
386.3007662000018,249.4,250.0
386.600944100006,249.4,250.0
386.92154779995326,249.3,250.0
387.22659489995567,249.3,250.0
387.5470752999536,249.3,250.0
387.8519803999807,249.4,250.0
388.1717688999488,249.4,250.0
388.4718714999617,249.4,250.0
388.79204029997345,249.20000000000002,250.0
389.09705509996274,249.20000000000002,250.0
389.41713709995383,249.20000000000002,250.0
389.71907639998244,249.3,250.0
390.03975339996396,249.3,250.0
390.3444979999913,249.3,250.0
390.66552109998884,249.3,250.0
390.9690550999949,249.3,250.0
391.28624849999323,249.10000000000002,250.0
391.59010129998205,249.10000000000002,250.0
391.9109815999982,249.10000000000002,250.0
392.2309163999744,249.3,250.0
392.5351756999735,249.3,250.0
392.85644169995794,249.3,250.0
393.1606916000019,249.0,250.0
